site_SARS2_RBD,site_SARS2_spike,aa_SARS2,site_SARS1_RBD,site_SARS1_spike,aa_SARS1,site_RshSTT182_RBD,site_RshSTT182_spike,aa_RshSTT182,site_PRD0038_RBD,site_PRD0038_spike,aa_PRD0038,site_RsYN04_RBD,site_RsYN04_spike,aa_RsYN04,site_RmYN02_RBD,site_RmYN02_spike,aa_RmYN02
1,331,N,1,318,N,1,318,N,1,321,N,1,321,N,1,310,N
2,332,I,2,319,I,2,319,I,2,322,I,2,322,I,2,311,I
3,333,T,3,320,T,3,320,T,3,323,T,3,323,T,3,312,T
4,334,N,4,321,N,4,321,N,4,324,N,4,324,N,4,313,N
5,335,L,5,322,L,5,322,L,5,325,L,5,325,L,5,314,F
6,336,C,6,323,C,6,323,C,6,326,C,6,326,C,6,315,C
7,337,P,7,324,P,7,324,P,7,327,P,7,327,P,7,316,P
8,338,F,8,325,F,8,325,F,8,328,F,8,328,F,8,317,F
9,339,G,9,326,G,9,326,G,9,329,G,9,329,S,9,318,D
10,340,E,10,327,E,10,327,E,10,330,Q,10,330,Q,10,319,K
11,341,V,11,328,V,11,328,V,11,331,V,11,331,V,11,320,V
12,342,F,12,329,F,12,329,F,12,332,F,12,332,F,12,321,F
13,343,N,13,330,N,13,330,N,13,333,N,13,333,N,13,322,N
14,344,A,14,331,A,14,331,A,14,334,A,14,334,A,14,323,A
15,345,T,15,332,T,15,332,T,15,335,S,15,335,T,15,324,T
16,346,R,16,333,K,16,333,T,16,336,K,16,336,R,16,325,R
17,347,F,17,334,F,17,334,F,17,337,F,17,337,F,17,326,F
18,348,A,18,335,P,18,335,A,18,338,P,18,338,P,18,327,P
19,349,S,19,336,S,19,336,S,19,339,S,19,339,S,19,328,N
20,350,V,20,337,V,20,337,V,20,340,V,20,340,V,20,329,V
21,351,Y,21,338,Y,21,338,Y,21,341,Y,21,341,Y,21,330,Y
22,352,A,22,339,A,22,339,A,22,342,A,22,342,A,22,331,A
23,353,W,23,340,W,23,340,W,23,343,W,23,343,W,23,332,W
24,354,N,24,341,E,24,341,N,24,344,E,24,344,T,24,333,Q
25,355,R,25,342,R,25,342,R,25,345,R,25,345,R,25,334,R
26,356,K,26,343,K,26,343,R,26,346,L,26,346,E,26,335,T
27,357,R,27,344,K,27,344,R,27,347,R,27,347,R,27,336,K
28,358,I,28,345,I,28,345,I,28,348,I,28,348,I,28,337,I
29,359,S,29,346,S,29,346,S,29,349,S,29,349,S,29,338,S
30,360,N,30,347,N,30,347,N,30,350,D,30,350,N,30,339,D
31,361,C,31,348,C,31,348,C,31,351,C,31,351,C,31,340,C
32,362,V,32,349,V,32,349,V,32,352,V,32,352,I,32,341,I
33,363,A,33,350,A,33,350,A,33,353,A,33,353,A,33,342,A
34,364,D,34,351,D,34,351,D,34,354,D,34,354,D,34,343,D
35,365,Y,35,352,Y,35,352,Y,35,355,Y,35,355,Y,35,344,Y
36,366,S,36,353,S,36,353,S,36,356,S,36,356,S,36,345,T
37,367,V,37,354,V,37,354,V,37,357,V,37,357,V,37,346,V
38,368,L,38,355,L,38,355,L,38,358,L,38,358,L,38,347,L
39,369,Y,39,356,Y,39,356,Y,39,359,Y,39,359,Y,39,348,Y
40,370,N,40,357,N,40,357,N,40,360,N,40,360,N,40,349,N
41,371,S,41,358,S,41,358,T,41,361,S,41,361,S,41,350,S
42,372,A,42,359,T,42,359,T,42,362,S,42,362,T,42,351,T
NA,372a,-,NA,NA,-,NA,NA,-,43,363,S,NA,NA,-,NA,NA,-
43,373,S,43,360,F,43,360,S,44,364,S,43,363,S,43,352,S
44,374,F,44,361,F,44,361,F,45,365,F,44,364,F,44,353,F
45,375,S,45,362,S,45,362,S,46,366,S,45,365,S,45,354,S
46,376,T,46,363,T,46,363,T,47,367,T,46,366,T,46,355,T
47,377,F,47,364,F,47,364,F,48,368,F,47,367,F,47,356,F
48,378,K,48,365,K,48,365,K,49,369,K,48,368,R,48,357,K
49,379,C,49,366,C,49,366,C,50,370,C,49,369,C,49,358,C
50,380,Y,50,367,Y,50,367,Y,51,371,Y,50,370,Y,50,359,Y
51,381,G,51,368,G,51,368,G,52,372,G,51,371,G,51,360,G
52,382,V,52,369,V,52,369,V,53,373,V,52,372,V,52,361,V
53,383,S,53,370,S,53,370,S,54,374,S,53,373,S,53,362,S
54,384,P,54,371,A,54,371,P,55,375,P,54,374,P,54,363,P
55,385,T,55,372,T,55,372,T,56,376,T,55,375,T,55,364,S
56,386,K,56,373,K,56,373,K,57,377,K,56,376,K,56,365,K
57,387,L,57,374,L,57,374,L,58,378,L,57,377,L,57,366,L
58,388,N,58,375,N,58,375,N,59,379,N,58,378,N,58,367,I
59,389,D,59,376,D,59,376,D,60,380,D,59,379,D,59,368,D
60,390,L,60,377,L,60,377,L,61,381,L,60,380,L,60,369,L
61,391,C,61,378,C,61,378,C,62,382,C,61,381,C,61,370,C
62,392,F,62,379,F,62,379,F,63,383,F,62,382,F,62,371,F
63,393,T,63,380,S,63,380,T,64,384,S,63,383,S,63,372,T
64,394,N,64,381,N,64,381,N,65,385,S,64,384,N,64,373,S
65,395,V,65,382,V,65,382,V,66,386,V,65,385,V,65,374,V
66,396,Y,66,383,Y,66,383,Y,67,387,Y,66,386,Y,66,375,Y
67,397,A,67,384,A,67,384,A,68,388,A,67,387,A,67,376,A
68,398,D,68,385,D,68,385,D,69,389,D,68,388,D,68,377,D
69,399,S,69,386,S,69,386,S,70,390,Y,69,389,S,69,378,T
70,400,F,70,387,F,70,387,F,71,391,F,70,390,M,70,379,F
71,401,V,71,388,V,71,388,V,72,392,V,71,391,V,71,380,L
72,402,I,72,389,V,72,389,V,73,393,V,72,392,V,72,381,I
73,403,R,73,390,K,73,390,R,74,394,K,73,393,R,73,382,R
74,404,G,74,391,G,74,391,G,75,395,G,74,394,G,74,383,F
75,405,D,75,392,D,75,392,D,76,396,D,75,395,D,75,384,S
76,406,E,76,393,D,76,393,E,77,397,D,76,396,E,76,385,E
77,407,V,77,394,V,77,394,V,78,398,V,77,397,V,77,386,V
78,408,R,78,395,R,78,395,R,79,399,R,78,398,R,78,387,R
79,409,Q,79,396,Q,79,396,Q,80,400,Q,79,399,Q,79,388,Q
80,410,I,80,397,I,80,397,I,81,401,I,80,400,I,80,389,I
81,411,A,81,398,A,81,398,A,82,402,A,81,401,A,81,390,A
82,412,P,82,399,P,82,399,P,83,403,P,82,402,P,82,391,P
83,413,G,83,400,G,83,400,G,84,404,A,83,403,S,83,392,G
84,414,Q,84,401,Q,84,401,Q,85,405,Q,84,404,Q,84,393,E
85,415,T,85,402,T,85,402,T,86,406,T,85,405,T,85,394,T
86,416,G,86,403,G,86,403,G,87,407,G,86,406,G,86,395,G
87,417,K,87,404,V,87,404,K,88,408,V,87,407,V,87,396,V
88,418,I,88,405,I,88,405,I,89,409,I,88,408,I,88,397,I
89,419,A,89,406,A,89,406,A,90,410,A,89,409,A,89,398,A
90,420,D,90,407,D,90,407,D,91,411,D,90,410,D,90,399,D
91,421,Y,91,408,Y,91,408,Y,92,412,Y,91,411,Y,91,400,Y
92,422,N,92,409,N,92,409,N,93,413,N,92,412,N,92,401,N
93,423,Y,93,410,Y,93,410,Y,94,414,Y,93,413,Y,93,402,Y
94,424,K,94,411,K,94,411,K,95,415,K,94,414,K,94,403,K
95,425,L,95,412,L,95,412,L,96,416,L,95,415,L,95,404,L
96,426,P,96,413,P,96,413,P,97,417,P,96,416,P,96,405,P
97,427,D,97,414,D,97,414,D,98,418,D,97,417,D,97,406,D
98,428,D,98,415,D,98,415,D,99,419,D,98,418,D,98,407,D
99,429,F,99,416,F,99,416,F,100,420,F,99,419,F,99,408,F
100,430,T,100,417,M,100,417,M,101,421,T,100,420,T,100,409,T
101,431,G,101,418,G,101,418,G,102,422,G,101,421,G,101,410,G
102,432,C,102,419,C,102,419,C,103,423,C,102,422,C,102,411,C
103,433,V,103,420,V,103,420,V,104,424,V,103,423,V,103,412,V
104,434,I,104,421,L,104,421,I,105,425,L,104,424,I,104,413,L
105,435,A,105,422,A,105,422,A,106,426,A,105,425,A,105,414,A
106,436,W,106,423,W,106,423,W,107,427,W,106,426,W,106,415,W
107,437,N,107,424,N,107,424,N,108,428,N,107,427,N,107,416,N
108,438,S,108,425,T,108,425,S,109,429,T,108,428,S,108,417,T
109,439,N,109,426,R,109,426,I,110,430,N,109,429,K,109,418,A
110,440,N,110,427,N,110,427,S,111,431,S,110,430,A,110,419,Q
111,441,L,111,428,I,111,428,L,112,432,V,111,431,K,111,420,Q
112,442,D,112,429,D,112,429,D,113,433,D,112,432,D,112,421,D
113,443,S,113,430,A,113,430,A,114,434,S,113,433,E,113,422,I
114,444,K,114,431,T,NA,NA,-,115,435,K,114,434,N,114,423,G
115,445,V,115,432,S,NA,NA,-,116,436,Q,115,435,G,115,424,S
116,446,G,116,433,T,NA,NA,-,117,437,G,116,436,Q,NA,NA,-
117,447,G,117,434,G,NA,NA,-,118,438,N,NA,NA,-,NA,NA,-
118,448,N,118,435,N,114,431,G,NA,NA,-,NA,NA,-,NA,NA,-
119,449,Y,119,436,Y,115,432,G,NA,NA,-,NA,NA,-,NA,NA,-
120,450,N,120,437,N,116,433,S,119,439,N,NA,NA,-,NA,NA,-
121,451,Y,121,438,Y,117,434,Y,120,440,F,117,437,Y,116,425,Y
122,452,L,122,439,K,118,435,Y,121,441,Y,118,438,F,117,426,F
123,453,Y,123,440,Y,119,436,Y,122,442,Y,119,439,Y,118,427,Y
124,454,R,124,441,R,120,437,R,123,443,R,120,440,R,119,428,R
125,455,L,125,442,Y,121,438,L,124,444,L,121,441,L,120,429,S
126,456,F,126,443,L,122,439,F,125,445,F,122,442,F,121,430,H
127,457,R,127,444,R,123,440,R,126,446,R,123,443,R,122,431,R
128,458,K,128,445,H,124,441,K,127,447,H,124,444,K,123,432,A
129,459,S,129,446,G,125,442,S,128,448,G,125,445,S,124,433,V
130,460,N,130,447,K,126,443,V,129,449,K,126,446,K,125,434,K
131,461,L,131,448,L,127,444,L,130,450,I,127,447,L,126,435,L
132,462,K,132,449,R,128,445,K,131,451,K,128,448,L,127,436,K
133,463,P,133,450,P,129,446,P,132,452,P,129,449,P,128,437,P
134,464,F,134,451,F,130,447,F,133,453,Y,130,450,F,129,438,F
135,465,E,135,452,E,131,448,E,134,454,E,131,451,Q,130,439,E
136,466,R,136,453,R,132,449,R,135,455,R,132,452,R,131,440,R
137,467,D,137,454,D,133,450,D,136,456,D,133,453,D,132,441,D
138,468,I,138,455,I,134,451,I,137,457,I,134,454,V,133,442,L
139,469,S,139,456,S,135,452,S,138,458,S,135,455,S,134,443,S
140,470,T,140,457,N,136,453,T,139,459,N,136,456,N,NA,NA,-
141,471,E,141,458,V,137,454,Q,140,460,V,137,457,V,NA,NA,-
142,472,I,142,459,P,138,455,L,141,461,L,138,458,T,NA,NA,-
143,473,Y,143,460,F,139,456,Y,142,462,Y,139,459,Y,NA,NA,-
144,474,Q,144,461,S,140,457,Q,143,463,N,140,460,G,NA,NA,-
145,475,A,145,462,P,141,458,A,144,464,S,141,461,S,NA,NA,-
146,476,G,146,463,D,142,459,G,145,465,A,142,462,G,NA,NA,-
147,477,S,147,464,G,143,460,D,146,466,G,143,463,K,NA,NA,-
148,478,T,148,465,K,144,461,K,147,467,G,144,464,N,NA,NA,-
149,479,P,149,466,P,145,462,P,148,468,T,145,465,D,NA,NA,-
150,480,C,150,467,C,146,463,C,149,469,C,146,466,G,NA,NA,-
151,481,N,151,468,T,147,464,S,150,470,S,147,467,C,NA,NA,-
152,482,G,NA,NA,-,NA,NA,-,151,471,S,148,468,N,NA,NA,-
153,483,V,152,469,P,148,465,V,152,472,T,149,469,P,135,444,S
154,484,E,153,470,P,149,466,E,153,473,S,150,470,S,136,445,D
155,485,G,154,471,A,150,467,G,154,474,Q,151,471,E,137,446,E
156,486,F,155,472,L,151,468,P,155,475,L,152,472,A,NA,NA,-
157,487,N,156,473,N,152,469,D,156,476,G,153,473,D,138,447,N
158,488,C,157,474,C,153,470,C,157,477,C,154,474,C,139,448,G
159,489,Y,158,475,Y,154,471,Y,158,478,Y,155,475,Y,140,449,V
160,490,F,159,476,W,155,472,Y,159,479,E,156,476,W,141,450,R
161,491,P,160,477,P,156,473,P,160,480,P,157,477,P,142,451,T
162,492,L,161,478,L,157,474,L,161,481,L,158,478,L,143,452,L
163,493,Q,162,479,N,158,475,Q,162,482,K,159,479,L,144,453,S
164,494,S,163,480,D,159,476,S,163,483,S,160,480,K,145,454,T
165,495,Y,164,481,Y,160,477,Y,164,484,Y,161,481,Y,146,455,Y
166,496,G,165,482,G,161,478,Y,165,485,G,162,482,G,147,456,D
167,497,F,166,483,F,162,479,F,166,486,F,163,483,F,148,457,F
168,498,Q,167,484,Y,163,480,Q,167,487,T,164,484,T,149,458,N
169,499,P,168,485,T,164,481,S,168,488,P,165,485,S,150,459,P
170,500,T,169,486,T,165,482,T,169,489,T,166,486,S,151,460,N
171,501,N,170,487,T,166,483,N,170,490,V,167,487,V,152,461,V
172,502,G,171,488,G,167,484,G,171,491,G,168,488,S,153,462,P
173,503,V,172,489,I,168,485,V,172,492,V,169,489,Q,154,463,L
174,504,G,173,490,G,169,486,G,173,493,G,170,490,D,155,464,D
175,505,Y,174,491,Y,170,487,Y,174,494,Y,171,491,Y,156,465,Y
176,506,Q,175,492,Q,171,488,Q,175,495,Q,172,492,Q,157,466,Q
177,507,P,176,493,P,172,489,P,176,496,P,173,493,P,158,467,A
178,508,Y,177,494,Y,173,490,Y,177,497,Y,174,494,Y,159,468,T
179,509,R,178,495,R,174,491,R,178,498,R,175,495,R,160,469,R
180,510,V,179,496,V,175,492,V,179,499,V,176,496,V,161,470,V
181,511,V,180,497,V,176,493,V,180,500,V,177,497,V,162,471,V
182,512,V,181,498,V,177,494,V,181,501,V,178,498,V,163,472,V
183,513,L,182,499,L,178,495,L,182,502,L,179,499,L,164,473,L
184,514,S,183,500,S,179,496,S,183,503,S,180,500,S,165,474,S
185,515,F,184,501,F,180,497,F,184,504,F,181,501,F,166,475,F
186,516,E,185,502,E,181,498,E,185,505,E,182,502,E,167,476,E
187,517,L,186,503,L,182,499,L,186,506,L,183,503,L,168,477,L
188,518,L,187,504,L,183,500,L,187,507,L,184,504,L,169,478,L
189,519,H,188,505,N,184,501,N,188,508,N,185,505,N,170,479,N
190,520,A,189,506,A,185,502,A,189,509,A,186,506,A,171,480,A
191,521,P,190,507,P,186,503,P,190,510,P,187,507,P,172,481,P
192,522,A,191,508,A,187,504,A,191,511,A,188,508,A,173,482,A
193,523,T,192,509,T,188,505,T,192,512,T,189,509,T,174,483,T
194,524,V,193,510,V,189,506,V,193,513,V,190,510,V,175,484,V
195,525,C,194,511,C,190,507,C,194,514,C,191,511,C,176,485,C
196,526,G,195,512,G,191,508,G,195,515,G,192,512,G,177,486,G
197,527,P,196,513,P,192,509,P,196,516,P,193,513,P,178,487,P
198,528,K,197,514,K,193,510,K,197,517,K,194,514,K,179,488,K
199,529,K,198,515,L,194,511,K,198,518,K,195,515,R,180,489,L
200,530,S,199,516,S,195,512,S,199,519,S,196,516,S,181,490,S
201,531,T,200,517,T,196,513,T,200,520,T,197,517,T,182,491,T